{
    "sql injection|high": {
        "block_ip": 0.9999999999999996,
        "isolate_host": 0.473832618348632,
        "alert_admin": 0.4999999999999998,
        "rate_limit": -0.9618479575523055,
        "monitor_closely": -0.9866972053527088,
        "log_event": -0.947665236697264,
        "monitor": -0.911370618803475
    }
}